entity_id	business_name	business_address	country
S2-919450104	Ear Nose & Throat Reliable Health LLC	02036 CRESCENT CLUB DR, HISON, TN	US
S2-834422773	jainglobal.com	89/1, HARINAGAR SOCIETY, RAMESHWAR MAHADEV, MEGHANINAGAR, AHMEDABAD, ગુજરાત	India
S2-178944739	New Life Emanuel Inc.	HEISEL AVE, PEKIN, IL	US
S2-726592216	Continental Committne	130 FORTUNES ROCKS RD, <NULL>, BIDDEFORD, ME	US
S2-829598251	Vishal & Sons Private	NO. 28 PSIXL-3RD FLOOR, NEWTOWN ROAD, UNIT NO. 305, PO RAJARHAT GOPALPUR, KOLKATA, KOLKATA, পশ্চিমবঙ্গ	India
S2-177050110	Barnes and Kimble	559 MANITOU BEACH RD, GREECE, NY	US
S2-688907717	ಮಾಡರ್ನ್ ಕನ್ಸಲ್ಟೆಂಟ್ಸ್ ಪ್ರೈವೇಟ್ ಲಿಮಿಟೆಡ್	125, 7TH CROSS RD, OFF BANNERGHATTA ROAD, DOLLAR LAYOUT, BTM 2ND STAGE, BILEKAHALLI, BANGALORE, BANGALORE SOUTH, ಕರ್ನಾಟಕ	India
S2-663026585	CASCADE WORLD  LLC	07220 D TELEGRAPH SQUARE DRIVE, LORTON, VA	US
S2-283340378	सिटी सॉल्यूशंस प्राइवेट लिमिटेड	SHIVAM TOWER, FLAT NO. 1, DHARMADHIKARI MALA, AHMEDNAGAR, SAVEDI, Maharashtra	India
S2-748598164	supercareprivate.com (ID: 93065)	West Bengal, B3/106 A, SHYAM BAZAR STREET, IST FLOOR, KOLKATA	India
S2-828777209	सिटी इंडस्ट्रीज प्राइवेट लिमिटेड	ADATMALA, LIMBGAON ROAD, AT POST VELAPUR TALUKA MALSHIRAS, SOLAPUR, Maharashtra	India
S2-678301951	Poplawski-Technical	LITCHFIELD, 341D MILTON RD, CT	US
S2-611989928	EVANS AND FORTENBERRY	1857 35TH ST, FARGO, ND	US
S2-382386310	Bmd Consultants Private  Limited	NO. 277, 4TH MAIN, 4TH PHASE, PEENYA INDUSTRIAL AREA, NALLA KADIRENAHALLI, YASHWANTHPUR, HOBLI, Karnataka	India
S2-925753513	Vaibhavlaxmi & Sons Limited	205, SECOND FLOOR, SANTE MAJRA, SECTOR 115, KHARAR, ਪੰਜਾਬ	India
S2-892923793	Shri Gold Infotech Motors Pdriet Limited	SHOP NO. #53 PLOT NO 5/6 SECTOR, 03 MANOSH COMPLEX CHS LTD GHANSOLI, RABALE, Maharashtra	India
S2-290108980	Cedynix-Services	141 LYNHAVEN DRIVE, ALEXANDRIACITY, VA	US
S2-299830209	Division of Motor Vehicles Corp	1523 SYMPHONY HEIGHTS, WOODMOOR, CO	US
S2-148476413	Kimbra S. Esq. Bau, Corp	18165 LINDEN AVE, SHORELINE, WA	US
S2-855667683	Shiv Essentials C0	SURI OFFICE COMPLEX, NO.A-745, 2ND FLOOR, 10TH MAIN 3RD BLOCK, 3RD STAGE, BASAVESHWARNAGAR, BENGALURU, ಕರ್ನಾಟಕ	India
S2-538053142	Peck Kgaa	02202 17TH STREET, TOPEKA, KS	US
S2-929719546	Sharda More Private Límited	दिल्ली, A-57 JHILMIL INDUSTRIAL AREA SHAHDARA, NEW DELHI	India
S2-308442620	JP  MONTREAL	6535  PREMIER DR, NASHVLLE CDP, TN	US
S2-561390043	SOE INC CENTER	##3565 ROOSEVELT STREET, KINGMAN, AZ	US
S2-444421034	Texas  Traders Private	HOUSE NO. 27, BLOCK-A-3, MOTI NAGAR, NEW DELHI, दिल्ली	India
S2-5405243	Urgent Care Clinic Riverside	3229 ALANA CT, OPELIKA, AL	US
S2-325427543	Dr #sai	H.NO 3 , AARADHYA REGENCY APARTMENT, NEAR OLD ASHOKA SCHOOL, NASHIK, Maharashtra	India
S2-163963287	Summit Inc	GREENSBORO, NC, 19 1/2 STARDUST TRAIL	US
S2-822977276	ઓલ ઓલ હોસ્પિટાલિટી પ્રાઇવેટ લિમિટેડ	OFFICE NO U-G-9, DHANRAJNI COMPLEX, 20 JAGNATH PLOT CORNER, DR YAGNIK ROAD, RAJKOT, Gujarat	India
S2-528320338	Shree Trading Private	ఆంధ్రప్రదేశ్, DOOR NO.11/1/471, KRUPANANDA NAGAR, ANANTAPUR	India
S2-952775310	IGT Investments Private  Limited	3A, FLOOR -1ST, PLOT -64, A, KEVAL MAHAL, NETAJI SUBHASH ROAD, MARINE DRIVE, CHRUCHGATE, MUMBAI, Maharashtra	India
S2-271677070	QCU Rocky Analytics Incorporated	2125 CINDY STREET, CHANDLER, AZ	US
S2-707300552	Sai & Brothers Pvt	H.NO 3 , AARADHYA REGENCY APARTMENT, NEAR OLD ASHOKA SCHOOL, NASHIK, महाराष्ट्र	India
S2-6308513	Mariska Riggs Metropolitan Duration #22291	3324-3326 SUMMER PARK DR, NULL, SACRAMENTO, CA	US
S2-523870078	TEXASTRADERS.COM	HOUSE NO. 27, BLOCK-A-3, MOTI NAGAR, NEW DELHI, Delhi	India
S2-227494038	Ohare, Marshall And Glover Equitable, LLC		US
S2-962951010	கிளாசிக் சாஃப்ட்வேர் பிரைவேட் லிமிடெட்	Tamil Nadu, KANCHEEPURAM, NO 2 GF, THIRUVALLUVAR STREET, PARI NAGAR, ANAKAPUTHUR	India
S2-119809652	Cascade World Corp	07220 D TELEGRAPH SQUARE DRIVE, LORTON, VA	US
S2-983938812	8-BROTHERS SERVICE	321 SHORE ROAD, GREAT NECK, NY	US
S2-431756392	Bishop, Troyer and Cyr LLC Center	100 Paulson Street, LUVERNE, ND	US
S2-481803120	Shri Amara Inn0va Private Limited [Services]	J 12/34C-4, NEAR CORPORATIONS BANK BALBHADRADAS COLONY, DHUPCHANDI, VARANASI, Uttar Pradesh	India
S2-214367193	West Services	674 COLONIAL DR, FAIRHOPE, AL	US
S2-944879218	Cassell International [Ltd]	117 BONEY ST, WALLACE, NC	US
S2-488702552	LAVENA [CATTELL]	701 VINE SAINT, MT VERNON, OH	US
S2-956811797	americancoalition.com	1805 WESTERN RESERVE ROAD, YOUNGSTOWN, OH	US
S2-819172280	જૈન ગ્લોબલ પ્રાઇવેટ લિમિટેડ	89/1, HARINAGAR SOCIETY, RAMESHWAR MAHADEV, MEGHANINAGAR, AHMEDABAD, ગુજરાત	India
S2-817411710	TCI	110 Center St, null, FLORENCE, KY	US
S2-879667609	குளோபல் பிசினஸ் பிரைவேட் லிமிடெட்	#C-21 - S, AMBATTUR, CHENNAI, Tamil Nadu	India
S2-598334308	RIGGSMETROPOLITAN.COM | www.riggsmetro.com	3324-3326 SUMMER PARK DRIVE, NULL, SACRAMENTO, CA	US
S2-944853638	Piedmont Complete Chile  L.L.C.	259 1/2 CAVALIER WAY, BURLINGTON, NC	US
S2-265285276	#cedynixwells	ALEXANDRIACITY, VA, 141 LYNHAVEN DR	US
S2-38569897	Cassell International	117 BONEY ST, WALLACE, NC	US
S2-201836882	MCN-KAPOOR		India
S2-222488916	5harda More Private	A-57 JHILMIL INDUSTRIAL AREA SHAHDARA, NEW DELHI, NORTH DELHI, दिल्ली	India
S2-800014563	FO India Limited	6-4, CENTRAL ROAD, ANANDOLOKE SODEPUR, KOLKATA, পশ্চিমবঙ্গ	India
S2-64364698	QCU Rccnmby Analytics Inc	2125 CINDY ST, CHANDLER, AZ	US
S2-265879021	Vaayuaksh Commotrade	B3/412-A, MANDAVALI, Delhi	India
S2-59544689	Muskan Netcomm  Private Limited	179 , SECTOR-7 IMT MANESAR, GURGAON, Haryana	India
S2-389869241	fusierra.com	IN, MISHAWAKA, ##416 LOWELL AVE	US
S2-847545266	Mesaor Inc	7138 ELM AVE, SAN BERNARDINO, CA	US
S2-739184858	Rushing Care Baran Fresenius and	96 WINTER STNEET, BARNSTABLE, MA	US
S2-42742890	Pune Building	OFFICE NO. 107 & 108, PRIDE SILICON PLAZA, NEAR CHATURSHRUNGI TEMPLE, SENAPATI BAPA, T ROAD, PUNE, महाराष्ट्र	India
S2-564727392	Vaayuaksh Commotrade Private	B3/412-A, MANDAVALI, दिल्ली	India
S2-814047749	YU PÍNNACLE CBMFMODITY P.C.	##760 NASHUA ROAD, DRACUT, MA	US
S2-203502808	Hetty S. Lopez, D.D.S.	4861 VT ROUTE 103, null, SHREWSBURY, VT	US
S2-777576098	VEER WIRES	#2-50-10, SECTOR-11 12 MVP COLONY, VISAKHAPATNAM (URBAN), VISAKHAPATNAM, ఆంధ్రప్రదేశ్	India
S2-357600330	Bishop, Troyer & Cyr L.L.C.	100 PAULSON STREET, LUVERNE, ND	US
S2-838526909	Highland Arc Inc.	WA, FEDERAL WAY, ##2326 341ND PLACE	US
S2-762047642	TESSY  DAVIS CUSTOM	42 ROSEMONT ST, N/A, BOSTON, MA	US
S2-428120329	ब्राइट कंसल्टेंसी प्राइवेट लिमिटेड	628., BRAMLOK COLONY, CHANDPUR ROAD, BULANDSHAHR, Uttar Pradesh	India
S2-778529898	Super Crbrse Private Limited	B3/106 A, SHYAM BAZAR STREET, IST FLOOR, KOLKATA, পশ্চিমবঙ্গ	India
S2-927753762	apparelinternationaltotal.com	0010510 EARLEY AVENUE, LAKEWOOD, WA	US
S2-539241279	TOTAL APPAREL INTERNATIONAL	EARLEY AVE, LAKEWOOD, WA	US
S2-419189174	সুপার কেয়ার প্রাইভেট লিমিটেড	H.NO B3/106 A, SHYAM BAZAR STREET, IST FLOOR, KOLKATA, HOWRAH, পশ্চিমবঙ্গ	India
S2-501987580	Yu Pinnacle Commodity	NASHUA ROAD, DRACUT, MA	US
S2-164086509	AGUIRRE HILLS INC	KIMBALL PLAINS ROAD, PO BOX 3611, COTTONWOOD, CA	US
S2-501510787	Hebert Social Corporation	3922 COLTER SAINT, PHOENIX, AZ	US
S2-629712765	Inc SOE Planet	##3565 ROOSEVELT STREET, KINGMAN, AZ	US
S2-827260882	QT Temp	S5/405 VATIKA LIFESTYLE HOMES SECTOR-83, GURGOAN, Haryana	India
S2-195612318	Mdtdsarro | www.mdtdsarro.com	7138 ELM AVE, SAN BERNARDINO, CA	US
S2-625831173	Paul Star Spale Group	18890 DEER RIDGE LANE, STILLWATER TOWSNHIP, OK	US
S2-168640517	AMERICAN INTIFTIFVE LLC	CREEK VALLEY COURT, VILLAGE OF HOBART, WI	US
S2-757169960	OX Innovation Private Límited	Delhi, B-2, NEHRU PLACE BETWEEN B BLOCK CHIRAG ENCLAVE, NEAR FLYOVER, NEW DELHI, DELHI	India
S2-444864822	Poplawski Technical	341D MILTON RD, LITCHFIELD, CT	US
S2-71308591	જૈન ગ્લોબલ પ્રાઇવેટ લિમિટેડ	89/1, HARINAGAR SOCIETY, RAMESHWAR MAHADEV, MEGHANINAGAR, AHMEDABAD, Gujarat	India
S2-474827065	almalindustries.com	F 4 1, NAREGAON ROAD, CHIKALTHANA MIDC, AURANGABAD, Maharashtra	India
S2-306459331	Maggi's Complete Communications LLC	24  SAN MARTINO DR, CLATON, NC	US
S2-49816468	M/s Guru Engineering Llp	DOOR NO 8 , WESTERN INDL CO-OP ESTATE LTD. MIDC, ANDHERI (E ), OPP. SEEPZ, Maharashtra	India
S2-278869075	PATNA RESEARCH CENTER		India
S2-497128010	Barnes and Kimble Llc	559 MANITOU BEACH ROAD, GREECE, NY	US
S2-854056799	TIRUPATI INTERNATIONAL PRIVATE LIMITED	Maharashtra, PL 39, S. NO. 134/1A, BL NO. 4, BHOSALE NAGAR, PUNE	India
S2-763835868	Texas Traders Piivate Limited	HOUSE NO. 27, BLOCK-A-3, MOTI NAGAR, NEW DELHI, Delhi	India
S2-160492418	Dr Svv Infrastructure  (India) Private Limited	PLOT NO 48, BAAJI BAY MOUNT, TARAKARAMA LAYOUT, PEDA RUSHIKONDA, VISAKHAPATNAM, Andhra Pradesh	India
S2-11096132	Fu Sierra lnc	##416 LOWELL AVE, MISHAWAKA, IN	US
S2-402816908	Crystal Worldwide Group Partners	5307 CONKLIN DRIVE, HILLIARD, OH	US
S2-160803220	Ear Nose & Throat Reliable Health	02036 CRESCENT CLUB DRIVE, HISON, TN	US
S2-765287336	Ree's Birke Shop		US
S2-585207042	(INDIA) *** MRG INDIA	H.NO 65, 2ND MAIN ROAD KATRIGUPPE VILLAGE, BANASHANKARI, BANGALORE, Karnataka	India
S2-983207223	Piedmont Twelve LLC	3060 DUTCH RIDGE RD, PARKERSBURG, WV	US
S2-73037424	Eye Valley Medicine Incorporated	39 MAIN STREET, SAVONA, NY	US
S2-277203587	Smt Arihant-Force Private	DOOR NO.2, 2ND FLOOR, JOS BRTHER BUILDING, ERNAKULAM, Keralam	India
S2-707472784	एपेक्स फाइनेंस एलएलपी	#593A, SOUTH, SOUTH DELHI, Delhi	India
S2-772909163	Q/B Good LP	IL, MINOK, 925 FIFTH ST	US
S2-91404774	लाइफ हॉस्पिटैलिटी	451 GB 26, NAVEEN MANDI YARD, BHILWARA, ALWAR, राजस्थान	India
S2-934831422	wallace lending	7604 STUYVESANT AVE, AMARILLO, TX	US
S2-45135436	Vaayuaksh Commotrade Private Ltd	B3/412-A, MANDAVALI, Delhi	India
S2-745472125	जय लक्ष्मी फूड प्राइवेट लिमिटेड	C/O SHRI SHIVAJI SHAHURAO BAHER, JALNA, Maharashtra	India
S2-941946556	Cassell International	117 BONEY ST, WALLACE, NC	US
S2-20799819	Sk Services-Ltd	BUNGLOW 20, SHUBHLABH CO OP HOUSING SOCIETY LTD., NR SUN N STEP CLUB, SATTADHAR CROSS ROAD, THALTEJ, AHMADABAD CITY, Gujarat	India
S2-328113000	இண்டோ ஆதித்யா சர்வீசஸ் எல்எல்பி	DOOR NO 4 (14), SINGARA THOTTAM, 8TH LANE OLD WASHERMANPET, CHENNAI, Tamil Nadu	India
S2-903530463	Continental Committee Enterprises		US
S2-881290334	Peck Kdg	KS, TOPEKA, 02202 17TH STREET	US
S2-912941112	JEN ELWOOD ART5 CENTER	145 CR 2729, MICO CCDP, TX	US
S2-953098128	Keystone Odyssey Odyssey LLC	1418 MEADOWBROOK DR, JOHNSON CITY, TN	US
S2-604246769	Hetty S. López, D.D.S. Ínc	VT ROUTE 103, null, SHREWSBURY, VT	US
S2-708389947	Sky Bank Private Ltd	R-185 GREATER KAILASH PART-1, NEW DELHI, दिल्ली	India
S2-126615853	East Inc Service #7605	KY, 202  SUNSET DRIVE, MAYFIELD CDP	US
S2-910773153	Bishop, Troyer & Cyr LLC Center	100 PAULSON STRCET, LUVERNE, ND	US
S2-637662134	Corporation Kimbra S. Bau, Esq.	18165 LINDEN AVE, SHORELINE, WA	US
S2-515167043	SHARDA MORE	A-57 JHILMIL INDUSTRIAL AREA SHAHDARA, NEW DELHI, Delhi	India
S2-954449461	P & F FORTIS LTD	9616 MORGAN ST, IL, CHICAGO	US
S2-835531205	तिरुपति इंटरनेशनल प्राइवेट लिमिटेड	S. NO. 134/1A, BL NO. 4, BHOSALE NAGAR, PUNE, PUNE REGION, PL 39, महाराष्ट्र	India
S2-418551982	Cure Pilates!	5617 GROVE COVE DR, MCKINNEY, TX	US
S2-361656928	Tessy Dvisi Custom Bréad LLC	42 ROSEMONT ST, N/A, BOSTON, MA	US
S2-346849439	PRIVATE BRIGHT CONSULTANCY LIMITED	Uttar Pradesh, BULANDSHAHR, 628.	India
S2-736654053	Cardiology Clinic Metro Inc.	256  ROSELAND PLACE, ABERDEEN, NC	US
S2-507567958	ARIHANT F0RCÉ PRIVATE LIMITED	DOOR NO.2, 2ND FLOOR, JOS BROTHER BUILDING, ERNAKULAM, Keralam	India
S2-704056491	mccollumcouriers.com	117 TWO RIVERS DR, FLUVANNA COUNTY, VA	US
S2-154957365	QCU ROCKY ANALYTICS (ÍNCORPORATED)	2125 CINDY STREET, CHANDLER, AZ	US
S2-784868420	peakdynamicmetlife.com	8697 1980, W JORDN, UT	US
S2-62584784	UNDERWOOD, STOWE & MSOONRE OF CITY OF MADISON INC.	WI, 4625 GREGG ROAD, MADSON CITY	US
S2-171863410	TOTAL APPAREL-lNTERNATORL LLC	0010510 EARLEY AVE, LAKEWOOD, WA	US
S2-567887956	RY Garden	GUT NO. 489, SOMTHANA, BADNAPUR, BADNAPUR, JALNA, SOMTHANA, JALNA, महाराष्ट्र	India
S2-116768696	Nylaorbi	Uttar Pradesh, BRAMLOK COLONY, CHANDPUR ROAD, 628., BULANDSHAHR	India
S2-879900143	Hudson and Thomas Connecticut	12105B ZERO ROAD, NATRONA, WY	US
S2-34975790	Fanny's Manufacturing	60TH STREET, NULL, ANDERSON TOWNHSIP, IN	US
S2-968150931	LIFE HÓSPITALITY	451 GB 26, NAVEEN MANDI YARD, ALWAR, Rajasthan	India
S2-967974285	WILLOW INC	2380A NELSON ROAD, BUTLER TWP, OH	US
S2-423519674	agrosheronhotels.com	BENTA CHOWK, DARBHANGA, Bihar	India
S2-919415234	r & r opportunity center	COLEMAN GOFORTH FARM ROAD, NC, KINGS MOUNTAIN	US
S2-953983378	wsuperior.com (ID: 12460)	674 COLONIAL DRIVE, BALDWIN COUNTY, AL	US
S2-43773032	PHYSICAL THERAPY CREATIVE (GROUP)	1088 JOEL SAINT, NC, CHINA GROVE	US
S2-381160712	Nylasyn	1088  JOEL STREET, CHINA GROVE, NC	US
S2-167640334	IGT Ivebstdents Private Limited	3A, FLOOR -1ST, PLOT -64, A, KEVAL MAHAL, NETAJI SUBHASH ROAD, MARINE DRIVE, CHRUCHGATE, MUMBAI, Maharashtra	India
S2-217723198	Continental  Cmomittee	130 FORTUENS ROCKS ROAD, <NULL>, BIDDEFORD, ME	US
S2-214924024	बेस्ट फाइनेंस टेक्नोलॉजीज प्राइवेट लिमिटेड	43 C/O SORAM BAI, INDORE, मध्य प्रदेश	India
S2-333749981	americaninitiative.com	846 CREEK VALLEY COURT, VILLAGE OF HOBART, WI	US
S2-877438664	Sai Brothers Pvt Ltd Service	SHOP NO. 3, AARADHYA REGENCY APARTMENT, NEAR OLD ASHOKA SCHOOL, NASHIK, Maharashtra	India
S2-499651534	JAIN GLOBAL  PRIVATE LIMITED	89/1, HARINAGAR SOCIETY, RAMESHWAR MAHADEV, MEGHANINAGAR, AHMEDABAD, ગુજરાત	India
S2-602225170	MCN KAPOOR	PLOT 70 156, FLAT NO-21, 4TH FLOOR, GALI NO-2, SAIDUL AZAIB, NEW DELHI, Delhi	India
S2-936329521	EAR NOSE & THROAT RELIABLE HEALTH LLC	02036 CRESCENT CLUB DRIVE, HISON, TN	US
S2-574045537	P & F Fortis	CHICAGO, 9616 MORGAN STREET, IL	US
S2-990246524	गुरु इंजीनियरिंग एलएलपी	H.NO 8, WESTERN INDL CO-OP ESTATE LTD. MIDC, ANDHERI (E ), MUMBAI (SUBURBAN), MUMBAI, Maharashtra	India
S2-228279080	HUDSON & THOAAS CONNECTICUT	12105B ZERO ROAD, NATRONA, WY	US
S2-211514317	BEACON COMPLETE	#100 FOREST PL, PMB 6942, OAK PARK, IL	US
S2-230550593	Barnes And Kimble Llc	559 MANITOU BEACH RD, HILTON, NY	US
S2-491382498	Yu Pinnacle Commodity [P.C.]	##760 NASHUA RD, DRACUT, MA	US
S2-527157290	Svv Infrastructure-(India) Private Limited	DOOR NO 48 , BAAJI BAY MOUNT, TARAKARAMA LAYOUT, PEDA RUSHIKONDA, VISAKHAPATNAM, ఆంధ్రప్రదేశ్	India
S2-35158435	Custom  Platinum Launchpad	197- DORRENCE RD, GRANVILLE TWP, OH	US
S2-813612012	Shiv Essentials Co	SURI OFFICE COMPLEX, NO.A-745, 2ND FLOOR, 10TH MAIN 3RD BLOCK, 3RD STAGE, BASAVESHWARNAGAR, BENGALURU, ಕರ್ನಾಟಕ	India
S2-471967474	POPLAWSKITECHNICAL.COM	341D MILTON RD, LITCHFIELD, CT	US
S2-678955475	Poplawski Technical	341D MILTON ROAD, LITCHFIELD, CT	US
S2-576467451	Better Group Services	INDIANAPOLIS, IN, MAPLE DRIVE	US
S2-610308265	Shelby Automotive	5 GLYNDON GATE WAY, REISTERSTOWN, PO BOX 4480, MD	US
S2-59371179	COMPLETE BEACON MTFO	FOREST PL, OAK PARK, IL	US
S2-104710798	Mccollum Couriers, Llc	117 TWO RIVERS DR, TROY, VA	US
S2-324421201	East Averin		US
S2-938653749	shivessentials.com	SURI OFFICE COMPLEX, NO.A-745, 2ND FLOOR, 10TH MAIN 3RD BLOCK, 3RD STAGE, BASAVESHWARNAGAR, BENGALURU, Karnataka	India
S2-768331223	Arihant Force Private  Limited | www.arihantfo.com	#2 , 2ND FLOOR, JOS BROTHER BUILDING, ERNAKULAM, Keralam	India
S2-592147673	Texas Private Limited Services	HOUSE NO. 27, BLOCK-A-3, MOTI NAGAR, NEW DELHI, Delhi	India
S2-374185954	Diamond Star Works L.L.C. - 7149969359	21100 CAMERON ROAD, COUPLAND, TX	US
S2-999283261	Tessy Davis Custom Bread LLC	42 ROSEMONT ST, N/A, DORCHESTER, MA	US
S2-860194680	PVT AAR (INDIA) TRADING LTD	PLOT NO. ##23 & 24, GROUND FLOOR BLK-F, GANDHI VIHAR, LANDMARK NEAR MUKARJI NAGAR, DELHI, NORTH DELHI, Delhi	India
S2-381955751	Veer Wrnsc Public Limited	#2-50-10, SECTOR-11 12 MVP COLONY, VISAKHAPATNAM (URBAN), VISAKHAPATNAM, Andhra Pradesh	India
S2-676629278	Jain Private Limited Center	89/1, HARINAGAR SOCIETY, RAMESHWAR MAHADEV, MEGHANINAGAR, AHMEDABAD, Gujarat	India
S2-785455597	#aarindia	PLOT NO. ##23 & 24, GROUND FLOOR BLK-F, GANDHI VIHAR, LANDMARK NEAR MUKARJI NAGAR, DELHI, Delhi	India
S2-814057126	Stubblefield Tech Ínc	4704 PINECREST TER, BOSTON, NY	US
S2-530341137	MOON, DAVETA R.,	AZ, 10551 DUSKY WILLOW DR, TUCSON	US
S2-504925189	Stubblefield Tech Incorporated	4704 PINECREST TER, EDEN, NY	US
S2-613971680	Corporate Technical Dynamics,  Inc		US
S2-58361328	Bishop, Troyer ánd Cyr LLC	100 PAULSON ST, LUVERNE, ND	US
S2-969250724	L.L.C. BISHOP, TROYER AND CYR	100 PAULSON STREET, ND, LUVERNE	US
S2-748044572	Geo Management Co	9550 NORTHERN AVE, PEORIA, AZ	US
S2-275401270	MYA Software-Pvt Ltd.	#B3/933 C/O SEENU RAY, W/O SARDA NAND PD, PRASAD BIGHA, PAN PAR, NAWADA, बिहार	India
S2-258111859	Vaayuaksh Commotrade	B3/412-A, MANDAVALI, दिल्ली	India
S2-507006080	Stubblefield Tech	4704 PINECREST TERRACE, EDEN, NY	US
S2-971339247	Excelencia Private Limited Services	#402 PRAGATI TOWER26 RAJENDRA PLACE, NEW DELHI, Delhi	India
S2-772424479	Dovazetavera	24  SAN MARTINO DRIVE, CLATON, NC	US
S2-686350780	BROOKS APEX HCM [(PARTNERS)]	08226 Chesthunt Place Drive, CHARLOTTE, NC	US
S2-541317887	கிளாசிக் சாஃப்ட்வேர் பிரைவேட் லிமிடெட்	2 GF, THIRUVALLUVAR STREET, PARI NAGAR, ANAKAPUTHUR, KANCHEEPURAM, Tamil Nadu	India
S2-125007797	Doolittle, Hasvey and Hardy	2017 COBBLESTONE DRIVE, COLOGNE, MN	US
S2-833051451	সুপার কেয়ার প্রাইভেট লিমিটেড	B3/106 A, SHYAM BAZAR STREET, IST FLOOR, KOLKATA, HOWRAH, West Bengal	India
S2-599603637	Ohare, Marshall Glover and Equitable, LLC	775 TWIN HILLS DR, GALT, CA	US
S2-53880266	Wallace Service	7604 STUYVESANT AVE, AMARILLO, TX	US
S2-319510880	LLC Mccollum Couriers,	TWO RIVERS DRIVE, FLUVANNA COUNTY, VA	US
S2-280702058	RICH OVERSEAS  PVT LTD CENTER	ROOM NO. 133, 2-A/3, S/F FONT SIDE, KUNDAN MANSION, ASAF ALI ROAD, NEW DELHI, Delhi	India
S2-700308222	R & R Opportunity Center LLC	102 COLEMAN GOFORTH FARM RD, KINGS MOUNTAIN, NC	US
S2-45683177	VAIBHAVLAXMI  & SONS LIMITED	205, SECOND FLOOR, SANTE MAJRA, SECTOR 115, KHARAR, ਪੰਜਾਬ	India
S2-879392749	Direct Douglas Co	11129 NATIONAL PIKE, GRANTVILLE, MD	US
S2-250025582	barneskimble.com	GREECE, NY, 559 MANITOU BEACH ROAD	US
