source1_entity_id	matched_entity_ids
S1-893238027	S2-333749981,S2-168640517,S3-95161389,S3-833638597
S1-207692313	S2-927753762,S2-539241279,S2-171863410,S3-416356671
S1-697940419	S2-501510787,S3-974860295
S1-203468055	S2-938653749,S2-855667683,S2-813612012,S3-23148852,S3-51975797,S3-45086499
S1-707341328	S2-290108980,S2-265285276,S3-155847511
S1-90941457	S2-854056799,S2-835531205,S3-266908896
S1-110458563	S2-602225170,S2-201836882,S3-538767956,S3-74024243,S3-41677764,S3-543712616
S1-818964884	S2-903530463,S2-726592216,S2-217723198,S3-302179141,S3-309624702,S3-65993619
S1-995252722	S2-357600330,S2-58361328,S2-969250724,S2-431756392,S2-910773153,S3-772120438
S1-449951531	S2-382386310,S3-360517792
S1-926984944	
S1-779864311	S2-43773032,S2-381160712,S3-837439139,S3-62167620
S1-136475343	S2-160803220,S2-919450104,S2-936329521,S3-659025066
S1-935989959	S2-530341137,S3-296381019
S1-264377214	S2-847545266,S2-195612318,S3-97785896,S3-395284971
S1-411009266	S2-585207042,S3-636594679,S3-392725651
S1-302052558	S2-772424479,S2-306459331,S3-354845552,S3-58351176,S3-576249132
S1-375224050	S2-91404774,S2-968150931,S3-622881027,S3-193426357,S3-579010847
S1-944654077	S3-318528814,S3-825514120
S1-311790538	S2-203502808,S2-604246769,S3-345884928
S1-448792447	S2-828777209,S3-928739584
S1-249408286	S2-119809652,S2-663026585,S3-671815726,S3-509067880
S1-988973356	S2-881290334,S2-538053142,S3-783422328
S1-127328519	S2-833051451,S2-748598164,S2-778529898,S2-419189174,S3-77375607
S1-331813245	S2-860194680,S2-785455597,S3-998673021
S1-56135971	S2-59371179,S2-211514317,S3-625527218
S1-425574398	S2-611989928,S3-703730939
S1-49459528	S2-962951010,S2-541317887,S3-427632801,S3-191792976,S3-141575176
S1-600804159	S2-228279080,S2-879900143,S3-125211268,S3-347534664
S1-163550487	S3-600441842
S1-298281515	S2-328113000,S3-180769599
S1-959016034	S2-567887956,S3-446207088
S1-504316777	S2-507006080,S2-814057126,S2-504925189
S1-909884371	S2-700308222,S2-919415234,S3-16398571,S3-662754500
S1-603510765	S2-497128010,S2-230550593,S2-177050110,S2-250025582,S3-351942705
S1-968194711	S2-428120329,S2-346849439,S2-116768696,S3-918726645,S3-287466848
S1-883130006	S2-42742890,S3-357713861,S3-368512178,S3-655823051
S1-977318777	S2-71308591,S2-676629278,S2-499651534,S2-819172280,S2-834422773,S3-612938440
S1-801608484	S2-6308513,S2-598334308,S3-361071547,S3-972549922
S1-275292813	S2-561390043,S2-629712765,S3-415994728,S3-966990237
S1-454845617	S2-258111859,S2-564727392,S2-265879021,S2-45135436,S3-215987345,S3-857412187
S1-894914770	S2-929719546,S2-222488916,S2-515167043,S3-311504682
S1-995323031	S2-299830209,S3-878225596
S1-524957548	S2-214367193,S2-953983378
S1-650287850	S2-763835868,S2-444421034,S2-523870078,S2-592147673,S3-776801015
S1-747446515	S2-576467451,S3-667795683
S1-476702530	S2-772909163
S1-131421921	S2-481803120,S3-855968402
S1-323972203	S2-999283261,S2-361656928,S2-762047642,S3-139604834,S3-18816434,S3-15504812
S1-970235287	S3-96425235,S3-815172366,S3-52797882,S3-692062063
S1-822021904	S2-283340378
S1-108038246	
S1-396975483	
S1-809045563	S2-160492418,S2-527157290,S3-584480764,S3-194574631,S3-599208460
S1-815621496	S2-62584784,S3-652720078,S3-110297941
S1-668080599	
S1-793173112	S2-574045537,S2-954449461,S3-922647351,S3-216101785,S3-975982672
S1-931895033	S2-739184858,S3-791131282
S1-769410822	S2-148476413,S2-637662134,S3-460083891,S3-786974336
S1-109056443	S2-501987580,S2-814047749,S2-491382498,S3-468481710
S1-520329778	S3-363743054
S1-140983798	
S1-437108551	S2-389869241,S2-11096132,S3-944572287
S1-60281133	S2-325427543,S2-877438664,S2-707300552,S3-171332639,S3-414222836,S3-9881287
S1-792932344	S2-704056491,S2-319510880,S2-104710798,S3-248825147,S3-716875965
S1-62994906	S2-154957365,S2-271677070,S2-64364698,S3-959849115
S1-878528795	S2-178944739,S3-895208655,S3-537134513
S1-814575895	S2-952775310,S2-167640334,S3-621593094
S1-905969283	S2-227494038,S2-599603637,S3-358953921,S3-726483924
S1-966783011	S2-934831422,S2-53880266,S3-952895360,S3-665044519
S1-17464296	S3-834824956,S3-626510304,S3-201658202
S1-873897622	S2-768331223,S2-507567958,S2-277203587
S1-862259127	S2-471967474,S2-678955475,S2-678301951,S2-444864822,S3-380745062
S1-212504479	S2-983207223,S3-805278147,S3-285657558,S3-995497647
S1-580320800	S2-990246524,S2-49816468,S3-517576324
S1-284526989	S2-324421201,S2-126615853,S3-663272131
S1-23342358	S2-745472125,S3-123242217
S1-199807794	S2-45683177,S2-925753513,S3-13832924,S3-927667227
S1-460137096	S2-941946556,S2-944879218,S2-38569897,S3-737118590,S3-997557369
S1-774353321	S2-777576098,S2-381955751,S3-433432915,S3-963530537,S3-479594447,S3-956364024
